filename,title
mavala-mini-color-_1.jpg,"Vernis à ongles 305 Samarkand, 5ml | Mavala  - Parapharmacie Boticinal"
powersante-biotherm-biosource-fraicheur-de-mousse-150ml_1.png,"BIOSOURCE - Mousse Nettoyante Visage - Peaux Normales Mixtes, 150mL | Biotherm  - Parapharmacie Boticinal"
3367729575248_1.jpg,"OIL THERAPY -Baume corps nutrition intense enveloppant à l'abricot, 400mL | Biotherm  - Parapharmacie Boticinal"
3367729117264_1_3.jpg,"LAIT CORPOREL L'ORIGINAL - Lait Corporel Anti-Dessèchement Hydratant, 400ml | Biotherm  - Parapharmacie Boticinal"
3367729018943.jpg,"DEO PURE -  Déodorant Crème Anti-Transpirante, Peaux Sensibles, 75ml  | Biotherm  - Parapharmacie Boticinal"
3367729018974.jpg,"DEO PURE - Déodorant Anti-Transpirant Stick 48h, Peaux Sensibles, 40ml | Biotherm  - Parapharmacie Boticinal"
3367729018981.jpg,"DEO PURE -  Déodorant Anti-Transpirant 48h Roll-On, 75mL | Biotherm  - Parapharmacie Boticinal"
3605540418420.jpg,"EAU PURE - Eau de Toilette Femme, 100mL | Biotherm  - Parapharmacie Boticinal"
3367729571097.jpg,"EAU VITAMINEE - Eau de Toilette Femme, 100mL | Biotherm  - Parapharmacie Boticinal"
biocanina_hygiene_-_shampoing_sec_-_chien_et_chat_75g.png,"HYGIENE - Shampoing Sec - Chien et Chat, 75g | Biocanina  - Parapharmacie Boticinal"
pack_biocanina_lait_maternise.png,"ALLAITEMENT - Lait Maternisé, 400g | Biocanina  - Parapharmacie Boticinal"
powersante-biocanina-totalvitaminol-30ml_1.png,"VITALITE - Totalvitaminol, 30ml | Biocanina  - Parapharmacie Boticinal"
avent-doseur-lait_19042011104511_3.jpg,"Doseur de lait en poudre, 1 unité | Avent  - Parapharmacie Boticinal"
avent_protege_mamelons_petit_19042011104638_3.jpg,"Protège mamelons tendresse petits, 2 unités | Avent  - Parapharmacie Boticinal"
avent-protege-mamelon-taille-standard-2unites_19042011104904_3.jpg,"Protège mamelons tendresse standard, 2 unités | Avent  - Parapharmacie Boticinal"
3578835504200.jpg,"AZINC - Acerola 1000 Vitamine C 100% Végétale, Lot 2 x 30 comprimés | Arkopharma  - Parapharmacie Boticinal"
62089_akg_ananas_45g_fr-face_copie-3401572628321.jpg,"ARKOGÉLULES - Ananas, 45 gélules | Arkopharma  - Parapharmacie Boticinal"
62137_akg-chrome-45-ca-fr-dos_copie-3578835502848.jpg,"ARKOVITAL Chrome, 45 gélules | Arkopharma  - Parapharmacie Boticinal"
63351_azinc_adulte_120_gel-fr-face150_g-3401540148493.jpg,"AZINC Vitalité - 12 Vitamines, 8 Minéraux et Oligo-Eléments, 120 gélules | Arkopharma  - Parapharmacie Boticinal"
61866_akg-bacopa-45-ca-face_copie-3401546602364.jpg,"Arkogélules - Bacopa, 45 gélules | Arkopharma  - Parapharmacie Boticinal"
62091_akg_coquelicot_45g_fr-face_copie-3401546906974.jpg,"ARKOGÉLULES - Coquelicot, 45 gélules | Arkopharma  - Parapharmacie Boticinal"
62127_akg_cranberry_fr_150g-face150_g_copie-3401545915120.png,"Arkogélules - Cranberryne, 150 gélules | Arkopharma  - Parapharmacie Boticinal"
61960_akg-echinacee_bio-45-ca-face-3578835502671.png,"ARKOGÉLULES - Échinacée Bio, 45 gélules | Arkopharma  - Parapharmacie Boticinal"
61902_akg-fenouil-45-ca-face_copie-3401547855875_1.png,"ARKOGÉLULES - Crampes abdominales Fenouil, 45 gélules | Arkopharma  - Parapharmacie Boticinal"
62078_akg_fucus_150g-face_150_copie-3578835502442.jpg,"Arkogélules - Fucus, 150 gélules | Arkopharma  - Parapharmacie Boticinal"
62059_akg_garcinia_45g_fr-face_copie-3401572629502.jpg,"Arkogélules - Garcinia, 45 gélules | Arkopharma  - Parapharmacie Boticinal"
62061_akg_gelee_royale_45g_fr-face_copie-3578835500950.png,"Arkogélules - Gelée royale BIO, 45 gélules | Arkopharma  - Parapharmacie Boticinal"
akg_gelee_royale_bio_150_51038.jpg,"Arkogélules BIO Gelée Royale, 150 gélules | Arkopharma  - Parapharmacie Boticinal"
63361-e-akg-ginkgo-150vg-fr-face_150_copie-3578835501131.jpg,"Arkogélules - Mémoire et Concentration Ginkgo Bio, 150 gélules | Arkopharma  - Parapharmacie Boticinal"
arkog_lules_huile_de_bourrache_180_g_lules.jpg,"Arkogélules - Huile de Bourrache Beauté de la Peau, 180 gélules | Arkopharma  - Parapharmacie Boticinal"
61829_akg-huile_bourrache-60-ca-face_copie-3578835502121.png,"ARKOGÉLULES - Huile de Bourrache, 60 gélules | Arkopharma  - Parapharmacie Boticinal"
onagre-huile-52642-60.png,"Arkogélules - Huile d'onagre, 60 gélules | Arkopharma  - Parapharmacie Boticinal"
61862_akg-huile_onagre-180-ca-face_150_copie-3578835502138.png,"Arkogélules - Huile d'Onagre, 180 gélules | Arkopharma  - Parapharmacie Boticinal"
62117_akg-huile_pepins_courge-60-ca-face_copie-3578835502060.jpg,"ARKOGÉLULES - Huile de Pépins de Courge, 60 gélules | Arkopharma  - Parapharmacie Boticinal"
62119_akg-huile_pepins_courge-180-ca-face_150_copie-3578835502091.jpg,"ARKOGÉLULES - Confort Urinaire Huile de Pépins de Courge Bio, 180 gélules | Arkopharma  - Parapharmacie Boticinal"
61972_akg_konjac_150g-face_150_copie-3578835502572.png,"Arkogélules – Konjac, 150 gélules | Arkopharma  - Parapharmacie Boticinal"
61970_akg_konjac_45g-face_copie-3578835502640.png,"Arkogélules – Konjac Bio, 45 gélules | Arkopharma  - Parapharmacie Boticinal"
61774_akg-lamier_blanc-45-ca-face-3401546907056.jpg,"Arkogélules - Lamier blanc, 45 gélules | Arkopharma  - Parapharmacie Boticinal"
61951_akg_lecithine_de_soja_150g-face_150_copie-3578835502114.jpg,"Arkogélules - Lécithine de soja, 150 gélules | Arkopharma  - Parapharmacie Boticinal"
62067_akg-levure_de_biere-150-ca-face_150_copie-3578835500530.png,"Arkogélules – Levure de Bière, 150 gélules | Arkopharma  - Parapharmacie Boticinal"
62069_akg-levure_de_biere-45-ca-face_copie-3578835500585.png,"Arkogélules - Levure de bière Bio, 45 gélules | Arkopharma  - Parapharmacie Boticinal"
62113_akg_maca_40g_fr-face_copie-3578835502664.jpg,"Arkogélules - Maca Bio, 40 gélules | Arkopharma  - Parapharmacie Boticinal"
61646_azinc_memoire-30g-fr-face_g_copie-3578835503937.png,"AZINC - Mémoire, 30 gélules  | Arkopharma  - Parapharmacie Boticinal"
62009_akg_pelargonium_45g-faceg_copie-3401543798121.png,"ARKOGELULES - Pelargonium, 45 gélules | Arkopharma  - Parapharmacie Boticinal"
powersante-arko-pdp-hydratant.jpg,"Perles de Peau® Hydratant - Huile Bourrache et Onagre, 200 capsules | Arkopharma  - Parapharmacie Boticinal"
62013_akg_plantain_45g-face_copie-3578835502466.png,"Arkogélules - Plantain, 45 gélules | Arkopharma  - Parapharmacie Boticinal"
61930_akg_propolis_40g-face_copie-3578835501216.jpg,"Arkogélules - Propolis, 45 gélules | Arkopharma  - Parapharmacie Boticinal"
61807_akg-rhodiole-45-ca-face-3401546896367.png,"Arkogélules - Rhodiole, 45 gélules | Arkopharma  - Parapharmacie Boticinal"
07c9e162-07bd-4eb1-b098-cd11010cbfa5.jpg,"CICALFATE - Lotion Asséchante Réparatrice Antibactérienne - Corps - Peaux Sensibles Irritées, 40ml | Avène  - Parapharmacie Boticinal"
536a4958-138f-4d9d-bf0f-cde5dedf1537.jpg,"COLD CREAM - Crème Nourrissante Hydratante Protectrice - Visage et Corps - Peaux Sensibles Très Sèches, 40ml | Avène  - Parapharmacie Boticinal"
ce89c5fe-1af4-4675-a151-28d83f6f9177.jpg,"COLD CREAM - Crème Nourrissante Hydratante Protectrice - Visage et Corps - Peaux Sensibles Très Sèches, 100ml | Avène  - Parapharmacie Boticinal"
03282770072815-c4de0d5d-c4cb-4c39-8846-a323817062e4_1.jpg,"COLD CREAM - Crème Mains Concentrée - Peaux Très Sèches, 50ml | Avène  - Parapharmacie Boticinal"
ffbbac4f-3d75-4f3a-96d1-d509062c3377.jpg,"COLD CREAM - Crème Mains Concentrée - Peaux Très Sèches, 2x50ml | Avène  - Parapharmacie Boticinal"
8ace9485-29fe-4ec7-92f8-60d7936e4be6.jpg,"COLD CREAM - Pain Surgras Nettoyant Nourrissant - Visage et Corps - Peaux Sèches à Très Sèches, 100g | Avène  - Parapharmacie Boticinal"
avene-cold-cream-pain-surgras-duo-100-g-boticinal.png,"COLD CREAM - Pain Surgras Nettoyant Nourrissant - Visage et Corps - Peaux Sèches à Très Sèches, 2x100g | Avène  - Parapharmacie Boticinal"
avene-stick-levres-duo-boticinal_1.jpg,"Stick Lèvres Hydratant, 2x4g | Avène  - Parapharmacie Boticinal"
2085e917-cb7b-45ba-b3bf-7f8edf64912d.jpg,"COUVRANCE - Stick Correcteur Jaune SPF20 - Visage - Peaux Sensibles, 3g | Avène  - Parapharmacie Boticinal"
avene-couvrance-stick-correcteur-vert-boticinal.jpg,"COUVRANCE - Stick Correcteur Vert SPF20 - Visage - Peaux Sensibles, 3g | Avène  - Parapharmacie Boticinal"
avene-couvrance-crayon-correcteur-sourcils-blond-boticinal.jpg,"COUVRANCE - Crayon Correcteur Sourcils Blonds - Peaux sensibles, 1,19g | Avène  - Parapharmacie Boticinal"
avene-couvrance-crayon-correcteur-sourcils-brun-boticinal.jpg,"COUVRANCE - Crayon Correcteur Sourcils Bruns - Peaux Sensibles, 1,19g | Avène  - Parapharmacie Boticinal"
avene-eau-thermale-spray-50ml-boticinal.jpg,"EAU THERMALE -  Spray Apaisant et Anti-Irritant - Visage et Corps - Peaux Sensibles, 50ml | Avène  - Parapharmacie Boticinal"
avene-eau-thermale-spray-150ml-boticinal.jpg,"EAU THERMALE -  Spray Apaisant et Anti-Irritant - Visage et Corps - Peaux Sensibles, 150ml | Avène  - Parapharmacie Boticinal"
avene-eau-thermale-spray-300ml-boticinal.jpg,"EAU THERMALE - Spray Apaisant et Anti-Irritant - Visage et Corps - Peaux Sensibles, 300ml | Avène  - Parapharmacie Boticinal"
powersante-produit-avene-men-baume-apres-rasage-75ml.png,"MEN - Baume Après-Rasage Hydratant, 75ml | Avène  - Parapharmacie Boticinal"
avene-men-gel-de-rasage-150ml-boticinal.jpg,"MEN - Gel de Rasage - Visage - Peaux Sensibles à Imperfections, 150ml | Avène  - Parapharmacie Boticinal"
avene-men-mousse-a-raser-200ml-boticinal.jpg,"MEN - Mousse à Raser - Visage - Peaux Normales et Sensibles, 200ml | Avène  - Parapharmacie Boticinal"
avene-lait-d_maquillant-boticinal.jpg,"LES ESSENTIELS - Lait Démaquillant Hydratant - Visage et Yeux - Peaux Sensibles et Sèches, 200ml | Avène  - Parapharmacie Boticinal"
avene-d_maquillant-yeux-douceur-boticinal.jpg,"LES ESSENTIELS - Démaquillant Yeux Douceur - Yeux Sensibles, 125ml | Avène  - Parapharmacie Boticinal"
avene-lotion-tonique-boticinal.jpg,"LES ESSENTIELS - Lotion Tonique Douceur - Visage - Peaux Sèches à Très Sèches, 200ml | Avène  - Parapharmacie Boticinal"
avene-soin-apaisant-contour-des-yeux-boticinal.jpg,"LES ESSENTIELS - Soin Apaisant Contour des Yeux - Yeux Sensibles, 10ml | Avène  - Parapharmacie Boticinal"
6a9e230d-71ec-4f8d-b0ab-1f8d2de97fce.jpg,"SOLAIRE - Autobronzant Hydratant Gelée Satinée - Visage et Corps - Peaux Sensibles, 100ml | Avène  - Parapharmacie Boticinal"
5651c534-9398-41be-b001-6173615d2267.jpg,"SOLAIRE - Crème Haute Protection SPF30 - Visage - Peaux Sensibles et Sèches, 50ml | Avène  - Parapharmacie Boticinal"
8dbad1da-a318-46c9-8553-12d60fcf0d7b.jpg,"SOLAIRE - Spray Haute Protection SPF30 - Visage et Corps - Peaux Sensibles, 200ml | Avène  - Parapharmacie Boticinal"
18f0b635-fafd-4cb0-a7b5-f9b79e707c73.jpg,"SOLAIRE - Crème Minérale SPF50+ Sans Parfum - Visage - Peaux Intolérantes, 50ml | Avène  - Parapharmacie Boticinal"
e3401db2-d6cd-44b6-a731-a1ffdd04048f.jpg,"SOLAIRE - Lait Minéral SPF50+ Sans Parfum - Visage - Peaux Intolérantes, 100ml | Avène  - Parapharmacie Boticinal"
avent_anti-colic_airfree_t_tine_d_bit_moyen_3_mois_et_plus_2_t_tines.jpg,"ANTI-COLIC AIRFREE - Tétine Débit Moyen - 3 mois et Plus, 2 Tétines | Avent  - Parapharmacie Boticinal"
avent_anti-colic_airfree_t_tine_d_bit_rapide_6_mois_et_plus_2_t_tines.jpg,"ANTI-COLIC AIRFREE - Tétine Débit Rapide - 6 mois et plus, 2 tétines | Avent  - Parapharmacie Boticinal"
avent_anti-colic_airfree_t_tine_d_bit_lent_1_mois_et_plus_2_t_tines.jpg,"ANTI-COLIC AIRFREE - Tétine Débit Lent - 1 mois et Plus, 2 Tétines | Avent  - Parapharmacie Boticinal"
3522930003595_1.jpg,"VINOTHERAPIST - Stick Soin des Lèvres Nourrissant Anti-Oxydant, 4,5g | Caudalie  - Parapharmacie Boticinal"
chateau-rouge-creme-concentree.png,"Crème Concentrée Anti Tache, 50ml | Chateau rouge  - Parapharmacie Boticinal"
cr_lait_400_rose_1.jpg,"Lait de Beauté Hydratant et Éclaircissant, 400ml | Chateau rouge  - Parapharmacie Boticinal"
soins_unifiants_lotion_fraicheur_face_hd-min.png,"Lotion Fraîcheur Tonifiante, 200ml | Chateau rouge  - Parapharmacie Boticinal"
cr-pain-dermato_08102013175429_3.jpg,Pain dermatologique éclaircissant - 100g | Chateau rouge  - Parapharmacie Boticinal
ciba_vision_aosept_plus_360ml_3.jpg,Aosept plus - 360ml | Ciba vision  - Parapharmacie Boticinal
ao-sept-plus-ciba-vision-boticinal.jpg,"AOSept Plus, 3x360ml | Ciba vision  - Parapharmacie Boticinal"
le-comptoir-du-bain-savon-de-marseille-lavande-olive-1l-boticinal.jpg,"Savon Traditionnel de Marseille Olive Lavande, 1L | Le comptoir du bain  - Parapharmacie Boticinal"
powersante-le-comptoir-du-bain-savon-traditionnel-de-marseille-rose-1-l.png,"Savon Traditionnel de Marseille Rose, 1l | Le comptoir du bain  - Parapharmacie Boticinal"
comp-bain-sav-mars-violette-1l.jpg,"Savon Traditionnel de Marseille Liquide Violette, 1l | Le comptoir du bain  - Parapharmacie Boticinal"
powersante-le-comptoir-du-bain-savon-traditionnel-de-marseille-citron-menthe-1-l.png,"Savon Traditionnel de Marseille Citron Menthe, 1l | Le comptoir du bain  - Parapharmacie Boticinal"
powersante-le-comptoir-du-bain-pure-savon-de-marseille-surgras-1-l.png,"Pur Savon de Marseille surgras, 1l | Le comptoir du bain  - Parapharmacie Boticinal"
powersante-le-comptoir-du-bain-pure-savon-de-marseille-surgras-500-ml.png,"Pur Savon de Marseille Surgras, 500ml | Le comptoir du bain  - Parapharmacie Boticinal"
powersante-le-comptoir-du-bain-savon-traditionnel-de-marseille-citron-menthe-500-ml.png,"Savon Traditionnel de Marseille Citron Menthe, 500ml | Le comptoir du bain  - Parapharmacie Boticinal"
powersante-le-comptoir-du-bain-savon-traditionnel-de-marseille-olive-lavande-500-ml.png,"Savon Traditionnel de Marseille Olive Lavande, 500ml | Le comptoir du bain  - Parapharmacie Boticinal"
savon-marseille-hydratant-naturelle-boticinal.jpg,"Savon Liquide de Marseille Rose - Mains et Corps - Peaux Sensibles, 500ml | Le comptoir du bain  - Parapharmacie Boticinal"
jolen-creme-decolorante-a-laloe-vera-pot-30ml_26022014173130_3.jpg,"Crème Décolorante à l'Aloe Vera - Formule Douce Duvet et Poils Superflus, 30ml | Jolen  - Parapharmacie Boticinal"
jolen-creme-decolorante_17032011150322_3.jpg,"Crème Décolorante - Duvet et Poils Superflus, 30ml | Jolen  - Parapharmacie Boticinal"
jolen-creme-decolorante_17032011150210_3.jpg,"Crème Décolorante - Duvet et Poils Superflus, 125ml | Jolen  - Parapharmacie Boticinal"
powersante-elixir-suedois-allege-35cl2.png,"L'elixir du suédois 17.5°, 350 ml  | Laboratoires saint benoit  - Parapharmacie Boticinal"
biotechnie-ligne-bio-tisane-minceur-20-sachets_18102011122806_3.jpg,"Ligne bio, tisane minceur, 20 sachets | Biotechnie  - Parapharmacie Boticinal"
powersante-redon_-propolis-pastilles-citron.jpg,Pastilles à sucer bio goût citron - 24 pastilles | Redon  - Parapharmacie Boticinal
powersante-redon_-propolis-extrait-liquide_1.jpg,Propolis extrait hydro-alcoolique - 20ml | Redon  - Parapharmacie Boticinal
powersante-redon_-propolis-sirop-bio_1.jpg,Sirop adoucissant bio - 150ml | Redon  - Parapharmacie Boticinal
redon_spray_buccal_3440814892236.jpg,Spray buccal - 25ml | Redon  - Parapharmacie Boticinal
redon_spray_nasal_3440814892243.jpg,Spray nasal - 25ml | Redon  - Parapharmacie Boticinal
st-benoart-grand-elixir-suedois_14042011140503_3.jpg,"Le Grand Élixir du Suédois 40°, 350ml | Laboratoires saint benoit  - Parapharmacie Boticinal"
cosmediet_elixir_suedois_bio_35cl_3.jpg,"Elixir du suédois biologique 40°, 350ml | Laboratoires saint benoit  - Parapharmacie Boticinal"
882381107154_packshot_1_1.jpg,"HYDRASKIN LIGHT - Gel Crème Hydratation Continue - Peaux Normales à Mixtes, 50ml | Darphin  - Parapharmacie Boticinal"
882381107161_packshot_1_1.jpg,"HYDRASKIN RICH - Crème Hydratation Continue - Peaux Sèches et Déshydratées, 50ml | Darphin  - Parapharmacie Boticinal"
0882381051747.jpg,"HYDRASKIN - Sérum Hydratant Intensif - Peaux Déshydratées, 30ml | Darphin  - Parapharmacie Boticinal"
882381110949_packshot_1.png,"INTRAL - Crème Réparatrice Anti-Rougeurs - Visage - Peaux Normales à Mixtes, 50ml | Darphin  - Parapharmacie Boticinal"
882381074715.jpg,"ÉLIXIRS AUX HUILES ESSENTIELLES - Soin d'Arôme à la Mandarine, 15ml | Darphin  - Parapharmacie Boticinal"
882381030483_1.jpg,"ELIXIR AUX HUILES ESSENTIELS - Soin Visage Nectar aux 8 Fleurs, 15ml | Darphin  - Parapharmacie Boticinal"
darphin_predermine_creme_anti_rides_densifiante_50ml_3.jpg,"PRÉDERMINE -  Crème Anti-rides Densifiante - Peaux Normales, 50ml | Darphin  - Parapharmacie Boticinal"
powersante-darphin-baume-purifiant-aromatique-bio-15-ml.png,"ÉLIXIRS AUX HUILES ESSENTIELLES - Baume Purifiant Aromatique, 15ml | Darphin  - Parapharmacie Boticinal"
darphin-gel-mousse-p9517.jpg,"SKIN MAT - Démaquillant Gel Mousse Purifiant à la Réglisse - Peaux Mixtes à Grasses, 125ml | Darphin  - Parapharmacie Boticinal"
882381074722.jpg,"ÉLIXIRS AUX HUILES ESSENTIELLES - Soin d'Arôme à la Camomille, 15ml | Darphin  - Parapharmacie Boticinal"
882381074692.jpg,"ÉLIXIRS AUX HUILES ESSENTIELLES - Soin d'Arôme au Jasmin, 15ml | Darphin  - Parapharmacie Boticinal"
powersante-galderma-extreme-lait-solaire-spf50_-200ml_1_1.png,"DAYLONG EXTREME - Lait Solaire Liposomal SPF50+ - Visage et Corps - Peaux Sensibles, 100ml | Galderma  - Parapharmacie Boticinal"
powersante-galderma-extreme-lait-solaire-spf50_-200ml_1.png,"DAYLONG EXTREME - Lait Solaire Liposomal SPF50+ - Visage et Corps - Peaux Sensibles, 50ml | Galderma  - Parapharmacie Boticinal"
powersante-densmore-alphalarm-60capsules_23012015170950_3.jpg,"Alphalarm, 60 capsules | Densmore  - Parapharmacie Boticinal"
powersante-densmore-suveal-maturit_.jpg,Suveal Maturité - 30 capsules | Densmore  - Parapharmacie Boticinal
densmore_vitadrop_10ml_3.jpg,Vitadrop - 10ml | Densmore  - Parapharmacie Boticinal
babibad_bain_enfant_100ml_3.jpg,Preparations bio babibad - le bain aromatique des enfants - 100ml | Docteur valnet  - Parapharmacie Boticinal
valnet-climarome-15-ml_04062012114403_3.jpg,"Preparations bio climarome, 15ml | Docteur valnet  - Parapharmacie Boticinal"
valnet-climarome-50-ml_04062012114702_3.jpg,"Preparations bio climarome, 50ml | Docteur valnet  - Parapharmacie Boticinal"
valnet-dynarome-100-ml_04062012115154_3.jpg,"Preparations bio dynarome circulation des jambes, 100ml | Docteur valnet  - Parapharmacie Boticinal"
valnet-dynarome-50-ml_04062012114933_3.jpg,"Préparation Bio Dynarome Circulation des Jambes, 50ml | Docteur valnet  - Parapharmacie Boticinal"
valnet-flexarome-100-ml_04062012115751_3.jpg,"Preparations bio flexarome, 100ml | Docteur valnet  - Parapharmacie Boticinal"
valnet-flexarome-50-ml_04062012115545_3.jpg,"Flexarome Articulations Muscles, 50ml | Docteur valnet  - Parapharmacie Boticinal"
docteur_valnet_huile_essentielle_basilic_10ml_3.jpg,Huile essentielle de Basilic Bio - 10ml | Docteur valnet  - Parapharmacie Boticinal
docteur_valnet_huile_essentielle_canelle_5ml_3.jpg,Huile essentielle cannelle bio - 5ml | Docteur valnet  - Parapharmacie Boticinal
docteur_valnet_huile_essentielle_eucalyptus_globulus_10ml_3.jpg,Huile essentielle eucalyptus globulus bio - 10ml | Docteur valnet  - Parapharmacie Boticinal
docteur_valnet_huile_essentielle_geranium_rosat_10ml_3.jpg,Huile essentielle geranium rosat bio - 10ml | Docteur valnet  - Parapharmacie Boticinal
docteur_valnet_orange_douce_10ml_3.jpg,Huile essentielle orange douce  bio - 10ml | Docteur valnet  - Parapharmacie Boticinal
docteur_valnet_huile_essentielle_origan_vert_5ml_3.jpg,Huile essentielle origan vert - 5ml | Docteur valnet  - Parapharmacie Boticinal
docteur_valnet_huile_essentielle_petitgraint_bigarade_10ml_3.jpg,Huile essentielle petitgrain bigarade bio - 10ml | Docteur valnet  - Parapharmacie Boticinal
docteur_valnet_huile_essentielle_pin_sylvestre_10ml_3.jpg,He pin sylvestre bio - 10ml | Docteur valnet  - Parapharmacie Boticinal
docteur_valnet_huile_essentielle_terebenthine_10ml_3.jpg,Huile essentielle terebenthine bio - 10ml | Docteur valnet  - Parapharmacie Boticinal
powersante-dr-valnet-vanille-bourbon-huile-essentielle-bio.png,Huile Essentielle Vanille Bio - 10ml | Docteur valnet  - Parapharmacie Boticinal
docteur_valnet_huile_essentielle_vetiver_10ml_3.jpg,Huile essentielle vetiver bio - 10ml | Docteur valnet  - Parapharmacie Boticinal
valnet-odarome-15-ml_04062012121909_3.jpg,"Preparations bio odarome, 15ml | Docteur valnet  - Parapharmacie Boticinal"
boticinal-valnet-odarome-huiles-essentielles.jpg,"ODAROME - Pour Diffuseur D'Arômes Bio, 50ml | Docteur valnet  - Parapharmacie Boticinal"
powersante-docteur-valnet-tegarome-3584410030224.jpg,"Tégarome Régénère la Peau, 15ml | Docteur valnet  - Parapharmacie Boticinal"
powersante-tegarome-dr-valnet-50-ml.png,"Préparation Tégarome aux Huiles Essentielles, 50ml | Docteur valnet  - Parapharmacie Boticinal"
valnet-huile-de-massage-100-ml_04062012121629_3.jpg,"Complements indispensables huile de massage bio, 100ml | Docteur valnet  - Parapharmacie Boticinal"
volarome_boticinal.jpg,"Préparation Bio Volarome Répulsif Insecte, 50ml | Docteur valnet  - Parapharmacie Boticinal"
03282779285230-3cb7bbe9-ba16-4af5-8fe0-4271700b9486.jpg,"LES INDISPENSABLES - Pain Dermatologique Apaisant - Visage et Corps - Peaux Fragiles, 100g | A-derma  - Parapharmacie Boticinal"
03282770030129-910995c8-b12a-42cd-a86f-cffe639844ba.jpg,"LES INDISPENSABLES - Pain Surgras Nutritif - Visage et Corps - Peaux Sèches, 100g | A-derma  - Parapharmacie Boticinal"
03282770038460-7db686c6-040b-4e6a-a50c-a67743045cae.jpg,"LES INDISPENSABLES - Pain Surgras Nutritif - Visage et Corps - Peaux Sèches, 2x100g | A-derma  - Parapharmacie Boticinal"
powersante-ducray-elution-shampooing-traitant-dermo-protecteur-300-ml.png,"ELUTION – Shampoing Rééquilibrant, 400ml | Ducray  - Parapharmacie Boticinal"
powersante-ducray-gel-capillaire-rubefiant-30-ml.png,"Gel Rubéfiant - Tonique Capillaire, 30ml | Ducray  - Parapharmacie Boticinal"
powersante-kelual-emulsion-keratoreductrice-50ml-ducray__1.png,"KELUAL DS - Shampooing Traitant Antipelliculaire - Démangeaisons Sévères, 100ml  | Ducray  - Parapharmacie Boticinal"
powersante-ducray-kelual-emulsion-croutes-de-lait-du-nourrisson-50-ml.png,"KELUAL - Emulsion Kératoréductrice - Croûtes de Lait du Nourrisson, 50ml | Ducray  - Parapharmacie Boticinal"
powersante-ducray-keracnyl-lotion-purifiante-200-ml.png,"KERACNYL - Lotion Purifiante - Peaux Grasses à Imperfections, 200ml | Ducray  - Parapharmacie Boticinal"
powersante-ducray-keracnyl-stop-bouton-10-ml.png,"KERACNYL - Stop Bouton Soin Local - Peaux Grasses à Imperfections, 10ml | Ducray  - Parapharmacie Boticinal"
powersante-ducray-sabal-shampooing-traitant-cheveux-gras-200-ml.png,"SABAL - Shampooing Traitant Cheveux Gras, 200ml | Ducray  - Parapharmacie Boticinal"
powersante-ducray-ictyane-creme-lavante-anti-dessechement-200-ml.png,"ICTYANE - Crème de Douche Lavante - Visage et Corps - Peaux Sèches, 200ml | Ducray  - Parapharmacie Boticinal"
powersante-ducray-ictyane-hd-creme-emoliente-50-ml.png,"ICTYANE HD - Crème Emolliente Peaux Très Sèches ou Irritées, 50ml | Ducray  - Parapharmacie Boticinal"
powersante-ducray-ictyane-stick-levres-3-g_1.png,"ICTYANE - Stick Hydratant - Lèvres Sèches et Abimées, 3g | Ducray  - Parapharmacie Boticinal"
embryolisse-hydra-creme-a-l-orange-boticinal.jpg,"LES HYDRATANTS - Hydra-Crème à l'Orange - Visage - Peaux Normales et Déshydratées, 50ml | Embryolisse  - Parapharmacie Boticinal"
embryolisse-lait-creme-fluide-multi-fonctions-500ml-boticinal.jpg,"LES HYDRATANTS - Lait-Crème Fluide Multi-Fonctions - Visage et Corps - Tous Types de Peaux, 500ml | Embryolisse  - Parapharmacie Boticinal"
embryolisse-lait-creme-concentre-boticinal_1.jpg,"LES HYDRATANTS - Lait-Crème Concentré Multi-Fonctions - Visage - Tous Types de Peaux, 75ml | Embryolisse  - Parapharmacie Boticinal"
embryolisse-lotion-micellaire-250ml-boticinal.jpg,"LES DEMAQUILLANTS - Lotion Micellaire - Visage, Yeux et Lèvres - Tous Types de Peaux, 250ml | Embryolisse  - Parapharmacie Boticinal"
3350900000035.jpg,"LES NOURRISSANTS - Filaderme Emulsion Soin Nutritif Réparateur - Peaux Sèches, 75ml | Embryolisse  - Parapharmacie Boticinal"
embryolisse-eau-de-beaute-rosamelis-200ml-boticinal.jpg,"LES DEMAQUILLANTS - Eau de Beauté Rosamélis - Visage - Tous Types de Peaux, 200ml | Embryolisse  - Parapharmacie Boticinal"
aa_embryoderme75_3350900000127_fiche-produit_eshop-1200x1200_600x-removebg-preview.png,"LES ANTI-ÂGE - Embryoderme Soin Nutritif Revitalisant - Visage - Peaux Sèches et Matures, 75ml | Embryolisse  - Parapharmacie Boticinal"
4005800271601_pansements_universel_tissu_bandes_d_couper.png,"UNIVERSEL - Pansements Flexibles à Découper 10cmx6cm, 10 unités | Elastoplast  - Parapharmacie Boticinal"
4005800271724_pansements_universel_plastique_40.png,"UNIVERSEL - Pansements Résistants à l'Eau, 40 unités | Elastoplast  - Parapharmacie Boticinal"
4005808113453_pansement_ampoule_grande_taille_l_x5_-_packshot_a_partir_d_aout_2021_.png,"AMPOULES - Pansements Ampoules Waterproof 48H Grand Format, 5 unités | Elastoplast  - Parapharmacie Boticinal"
elastoplast.png,"CORS - Pansements Cors Anti-Pressions, 8 unités | Elastoplast  - Parapharmacie Boticinal"
4005800271632_pansements_universel_tissu_20.png,"UNIVERSEL - Pansements Flexibles, 20 unités | Elastoplast  - Parapharmacie Boticinal"
4005800271786_pansements_sensible_20.png,"SENSIBLE - Pansements Peaux Sensibles 2 formats, 20 unités | Elastoplast  - Parapharmacie Boticinal"
elastoplast-reducteur-de-cicatrices-21-pansements-14.jpg,"CICATRICES - Patchs Transparents Réducteurs de Cicatrices 68x38mm, 21 unités | Elastoplast  - Parapharmacie Boticinal"
soin_actif_l_vres_-_stick_1.png,"LIP ACTIVE - Soin Actif Lèvres Sèches, 4,8g | Eucerin  - Parapharmacie Boticinal"
creme_pieds-removebg-preview_1_.png,"UREAREPAIR PLUS - Crème Pieds 10% d’Urée - Peaux Très Sèches, 2x100ml | Eucerin  - Parapharmacie Boticinal"
caring_oil-removebg-preview_1_.png,"CARING OIL - Huile de Soin Vergetures - Peaux Sèches et Sensibles, 2x125ml | Eucerin  - Parapharmacie Boticinal"
caring_oil-removebg-preview.png,"CARING OIL - Huile de Soin Vergetures - Peaux Sèches et Sensibles, 125ml | Eucerin  - Parapharmacie Boticinal"
4005800017193_1.png,"SENSI-RIDES - Crème de Jour Anti-Rides - Visage - Peaux Sèches et Sensibles, 50ml | Eucerin  - Parapharmacie Boticinal"
4005800017360_1.png,"SENSI-RIDES - Crème de Nuit Anti-Rides - Visage - Peaux Sensibles, 50ml | Eucerin  - Parapharmacie Boticinal"
4005800005558.png,"SUN PROTECTION - Oil Control Sun Spray Transparent SPF50+ - Peaux Sensibles, 200ml | Eucerin  - Parapharmacie Boticinal"
4005800027932_5.png,"SUN PROTECTION - Sensitive Protect Kids Spray Solaire SPF50+ Sans Parfum - Peaux Sensibles, 200ml | Eucerin  - Parapharmacie Boticinal"
400580_1_1.png,"UREAREPAIR PLUS - Émollient 5% d’Urée - Peaux Sèches, 250ml | Eucerin  - Parapharmacie Boticinal"
urea_repair-removebg-preview.png,"UREAREPAIR PLUS - Crème Mains Réparatrice 5% d'Urée - Peaux Sèches, 2x75ml | Eucerin  - Parapharmacie Boticinal"
4005800034329_1.png,"UREAREPAIR PLUS - Crème Mains 5 % d’Urée - Peaux Sèches, 75ml | Eucerin  - Parapharmacie Boticinal"
4005800034541_1.png,"UREAREPAIR - 5% d'Urée Crème Visage - Peaux Sèches, 50ml | Eucerin  - Parapharmacie Boticinal"
4005800036798_1.png,"DERMO-CAPILLAIRE - Shampoing Calmant 5% d'Urée - Cuir Chevelu Sec et Irrité, 250ml | Eucerin  - Parapharmacie Boticinal"
eucerin-urearepair-plus-creme-pieds-100ml-creme-pour-les-pieds-boticinal.jpg,"UREAREPAIR PLUS - Crème Pieds 10% d’Urée - Peaux Très Sèches, 100ml | Eucerin  - Parapharmacie Boticinal"
4005800024146_1.png,"UREAREPAIR PLUS - 10% d'Urée Émollient Apaisant - Peaux Très Sèches, 250ml | Eucerin  - Parapharmacie Boticinal"
powersante-nobacter-baume-apres-rasage-hydratant-apaisant-75-ml-3.png,"Baume Après-Rasage Hydratant Apaisant, 75ml | Nobacter  - Parapharmacie Boticinal"
powersante-nobacter-gel-de-rasage-150-ml.png,"Gel de Rasage, 150ml | Nobacter  - Parapharmacie Boticinal"
powersante-nobacter-savon-100-g.png,"Savon Peaux Sensibles, 100g | Nobacter  - Parapharmacie Boticinal"
5000488103397_-_agrimony_1_visuel_produit.png,"Fleurs de Bach - Agrimony n°1, 20ml | Fleurs de bach  - Parapharmacie Boticinal"
5000488103403_-_aspen_1_.png,"Fleurs de Bach - Aspen n°02, 20ml | Fleurs de bach  - Parapharmacie Boticinal"
5000488103410_-_beech_1_.png,"Fleurs de Bach - Beech n°03, 20ml | Fleurs de bach  - Parapharmacie Boticinal"
5000488103427_-_centaury_1_.png,"Fleurs de Bach - Centaury n°04, 20ml | Fleurs de bach  - Parapharmacie Boticinal"
5000488103434_-_cerato_1_.png,"Fleurs de Bach - Cerato n°05, 20ml | Fleurs de bach  - Parapharmacie Boticinal"
5000488103441_-_cherry_plum_1_.png,"Fleurs de Bach - Cherry Plum n°06, 20ml | Fleurs de bach  - Parapharmacie Boticinal"
5000488103458_-_chesnut_bud_1_.png,"Fleurs de Bach - Chestnut Bud n°07, 20ml | Fleurs de bach  - Parapharmacie Boticinal"
5000488103465_-_chicory_1_.png,"Chicory n°8, 20ml | Fleurs de bach  - Parapharmacie Boticinal"
5000488103472_-_clematis_1_.png,"Fleurs de Bach - Clematis n°9, 20ml | Fleurs de bach  - Parapharmacie Boticinal"
5000488103489_-_crab_apple_1_.png,"Fleurs de Bach - Crab Apple n°10, 20ml | Fleurs de bach  - Parapharmacie Boticinal"
5000488103496_-_elm_1_.png,"Elm n°11, 20ml | Fleurs de bach  - Parapharmacie Boticinal"
5000488103502_-_gentian_1_.png,"Fleurs de Bach - Gentian n°12, 20ml | Fleurs de bach  - Parapharmacie Boticinal"
5000488103519_-_gorse_1_.png,"Fleurs de Bach - Gorse n°13, 20ml | Fleurs de bach  - Parapharmacie Boticinal"
5000488103526_-_heather_1_.png,"Heather n°14, 20ml | Fleurs de bach  - Parapharmacie Boticinal"
5000488103533_-_holly_1_.png,"Fleurs de Bach - Holly n°15, 20ml | Fleurs de bach  - Parapharmacie Boticinal"
5000488103540_-_honeysuckle_1_.png,"Fleurs de Bach - Honeysuckle n°16, 20ml | Fleurs de bach  - Parapharmacie Boticinal"
5000488103557_-_hornbeam_1_.png,"Hornbeam n°17, 20ml | Fleurs de bach  - Parapharmacie Boticinal"
5000488103564_-_impatiens_1_.png,"Fleurs de Bach - Impatiens n°18, 20ml | Fleurs de bach  - Parapharmacie Boticinal"
5000488103571_-_larch_1_.png,"Fleurs de Bach - Larch n°19, 20ml | Fleurs de bach  - Parapharmacie Boticinal"
5000488103588_-_mimulus_1_.png,"Mimulus n°20, 20ml | Fleurs de bach  - Parapharmacie Boticinal"
5000488103595_-_mustard_1_.png,"Fleurs de Bach - Mustard n°21, 20ml | Fleurs de bach  - Parapharmacie Boticinal"
5000488103601_-_oak_1_.png,"Fleurs de Bach - Oak n°22, 20ml | Fleurs de bach  - Parapharmacie Boticinal"
5000488103618_-_olive_1_.png,"Fleurs de Bach - Olive n°23, 20ml | Fleurs de bach  - Parapharmacie Boticinal"
5000488103625_-_pine_1_.png,"Fleurs de Bach - Pine n°24, 20ml | Fleurs de bach  - Parapharmacie Boticinal"
5000488103632_-_red_chestnut_1_.png,"Fleurs de Bach - Red Chestnut n° 25, 20ml | Fleurs de bach  - Parapharmacie Boticinal"
5000488103649_-_rock_rose_1_.png,"Fleurs de Bach - Rock Rose n°26, 20ml | Fleurs de bach  - Parapharmacie Boticinal"
5000488103656_-_rock_water2_1_.png,"Fleurs de Bach - Rock Water n°27, 20ml | Fleurs de bach  - Parapharmacie Boticinal"
5000488103663_-_scleranthus_1_.png,"Fleurs de Bach - Scleranthus n°28, 20ml | Fleurs de bach  - Parapharmacie Boticinal"
5000488103670_-_star_of_bethlehem_1_.png,"Fleurs de Bach - Star of Bethlehem n°29, 20ml | Fleurs de bach  - Parapharmacie Boticinal"
5000488103687_-_sweet_chestnut_1_.png,"Fleurs de Bach - Sweet Chestnut n°30, 20ml | Fleurs de bach  - Parapharmacie Boticinal"
5000488103694_-_vervain_1_.png,"Fleurs de Bach - Vervain n°31, 20ml | Fleurs de bach  - Parapharmacie Boticinal"
5000488103700_-_vine_1_.png,"Fleurs de Bach - Vine n°32, 20ml | Fleurs de bach  - Parapharmacie Boticinal"
5000488103717_-_walnut_1_.png,"Fleurs de Bach - Walnut n°33, 20ml | Fleurs de bach  - Parapharmacie Boticinal"
5000488103724_-_water_violet_1_.png,"Fleurs de Bach - Water Violet n°34, 20ml | Fleurs de bach  - Parapharmacie Boticinal"
5000488103731_-_white_chestnut_1_.png,"Fleurs de Bach - White Chestnut n°35, 20ml | Fleurs de bach  - Parapharmacie Boticinal"
5000488103748_-_wild_oat_1_.png,"Fleurs de Bach - Wild Oat n°36, 20ml | Fleurs de bach  - Parapharmacie Boticinal"
5000488103755_-_wild_rose_1_.png,"Fleurs de Bach - Wild Rose n°37, 20ml | Fleurs de bach  - Parapharmacie Boticinal"
5000488103762_-_willow_1_.png,"Fleurs de Bach - Willow n°38, 20ml | Fleurs de bach  - Parapharmacie Boticinal"
powersante-fleurs-de-bach-rescue-compte-gouttes-concentre-de-serenite-10-ml.png,"RESCUE - Compte-gouttes Concentré de sérénité, 10ml | Rescue  - Parapharmacie Boticinal"
powersante-fleurs-de-bach-rescue-compte-gouttes-concentre-de-serenite-20-ml.png,"RESCUE - Compte-gouttes Concentré de Sérénité, 20ml | Rescue  - Parapharmacie Boticinal"
powersante-fleurs-de-bach-rescue-spray-concentre-de-serenite-20-ml.png,"RESCUE - Spray Concentré de Sérénité, 20ml | Rescue  - Parapharmacie Boticinal"
powersante-fleurs-de-bach-rescue-creme-apaisante-visage-et-corps-30-ml.png,"RESCUE - Crème Apaisante Visage et Corps, 30ml | Rescue  - Parapharmacie Boticinal"
powersante-fleurs-de-bach-rescue-nuit-compte-gouttes-nuits-harmonieuses-10-ml.png,"RESCUE NUIT - Compte-Gouttes Nuits Harmonieuses, 10ml | Rescue  - Parapharmacie Boticinal"
powersante-fleurs-de-bach-rescue-nuit-spray-20-ml.png,"RESCUE NUIT - Spray, 20ml | Rescue  - Parapharmacie Boticinal"
powersante-fleurs-de-bach-pastilles-saveur-orange-sureau-50-g.png,"RESCUE - Pastilles Saveur Orange Sureau, 50g | Rescue  - Parapharmacie Boticinal"
powersante-forte-pharma-expert-autobronz-30-ampoules-buvables.png,"Expert Autobronz, 30 Ampoules Buvables | Forte pharma  - Parapharmacie Boticinal"
powersante-forte-pharma-calori-light-120-gelules.png,"Calori Light, 120 gélules | Forte pharma  - Parapharmacie Boticinal"
powersante-forte-pharma-expert-cheveux-triple-action-3-x-28-comprimes-format-3-mois-dont-50-offert.png,"EXPERT CHEVEUX TRIPLE ACTION, 3x28 comprimés, format 3 mois, dont 50 % offert | Forte pharma  - Parapharmacie Boticinal"
powersante-forte-pharma-turbodraine-the-peche-2-x-500-ml.png,"Turbodraine Thé Pêche, 2x500ml | Forte pharma  - Parapharmacie Boticinal"
powersante-forte-pharma-vitalite-4g-dynamisant-30-ampoules-energisantes.png,"Vitalité 4G Dynamisant, 30 ampoules energisantes | Forte pharma  - Parapharmacie Boticinal"
3534190002195.png,Crème podologique - 50g | Foucaud  - Parapharmacie Boticinal
3534190002010.png,"Friction de Foucaud - Lotion Énergisante, 250ml | Foucaud  - Parapharmacie Boticinal"
3534190002003.png,Friction de foucaud - lotion energisante - 500ml | Foucaud  - Parapharmacie Boticinal
3534190004854.png,"Friction de Foucaud - Lotion énergisante, 200ml | Foucaud  - Parapharmacie Boticinal"
3534190004861.png,"Gel douche grande forme corps et cheveux, 200ml | Foucaud  - Parapharmacie Boticinal"
powersante-3401562754429.png,"VITALITE - Sirop Multivitaminé, 150ml | Alvityl  - Parapharmacie Boticinal"
powersante-3401064873512.png,"SURGIFIX - Filet de Maintien de Pansements - Doigts, 1 unité | Urgo  - Parapharmacie Boticinal"
powersante-3401065993059.png,"SURGIFIX - Filet de Maintien de Pansements - Genoux-Jambes, 1 unité | Urgo  - Parapharmacie Boticinal"
powersante-3401065105582.png,"SURGIFIX - Filet de Maintien de Pansements - Main, Bras, Pied, 1 unité | Urgo  - Parapharmacie Boticinal"
urgo_ampoules_-_pansements_hydrocollo_des_5_unit_s_grand_format.png,"AMPOULES - Pansements Hydrocolloïdes, 5 unités grand format | Urgo  - Parapharmacie Boticinal"
3664492000763_ok.png,"RESISTANT - Bande à Découper 1mx8cm Résistant, 1 unité | Urgo  - Parapharmacie Boticinal"
3664492000787_ok.png,"RESISTANT - Bande à Découper, 1mx6cm | Urgo  - Parapharmacie Boticinal"
3664492000749_ok.png,"EXTENSIBLE - Bande à Découper 1mx6cm, 1 unité | Urgo  - Parapharmacie Boticinal"
3401047252082_ok.png,"BRÛLURES BLESSURES SUPERFICIELLES - Pansements Stériles, 4 unités grand format | Urgo  - Parapharmacie Boticinal"
3401047254383_ok.png,"BRÛLURES BLESSURES SUPERFICIELLES- Pansements Stériles, 6 unités petit format | Urgo  - Parapharmacie Boticinal"
urgo_discret_-_pansement_transparent_30_pansements.png,"DISCRET - Pansement Transparent, 30 pansements | Urgo  - Parapharmacie Boticinal"
3664492000732.png,"LAVABLE - Bandes à Découper 10cmx6cm Résistantes à L'Eau, 10 unités | Urgo  - Parapharmacie Boticinal"
3664492000701.png,"EXTENSIBLE - Pansement Confort - Peaux Sensibles, 30 unités | Urgo  - Parapharmacie Boticinal"
urgo_extensible_-_pansement_confort_-_peaux_sensibles_48_unit_s.png,"EXTENSIBLE - Pansement Confort - Peaux Sensibles, 48 unités | Urgo  - Parapharmacie Boticinal"
urgo_waterproof_-_pansements_r_sistants_l_eau_20unit_s.png,"WATERPROOF - Pansements Résistants à L'Eau, 20 unités | Urgo  - Parapharmacie Boticinal"
powersante-3401062932624_ok.png,"URGOSYVAL - Sparadrap de Fixation, 5m x 2.5cm | Urgo  - Parapharmacie Boticinal"
powersante-furterer-solaire-gel-douche-nutritif-cheveux-et-corps-200-ml.png,"SOLAIRE - Gel Douche Nutritif Cheveux et Corps, 200ml | Rene Furterer  - Parapharmacie Boticinal"
gamarde-hydratation-active.jpg,"HYDRATATION ACTIVE - CREME HYDRATANTE RICHE, 40ML | Gamarde  - Parapharmacie Boticinal"
g677-3760141876779-demaquillant_douceur_yeux.png,DEMAQUILLANT DOUCEUR YEUX BIO - 30ML | Gamarde  - Parapharmacie Boticinal
gamarde-deo-douceur-prot_ge-spray-boticinal.jpg,Déodorant Douceur Spray - Tous Types de Peaux - 100ml | Gamarde  - Parapharmacie Boticinal
powersante-gamarde-eau_moussante_purifiante-g700n.png,"SEBO-CONTROL - EAU MOUSSANTE PURIFIANTE, 200ml | Gamarde  - Parapharmacie Boticinal"
g682-3760141876823-exfoliant_douceur_corps.png,"EXFOLIANT DOUCEUR CORPS - Peaux Sensibles, 200G | Gamarde  - Parapharmacie Boticinal"
powersante-gamarde-fluide_equilibrant-g702n.png,"SEBO-CONTROL  - FLUIDE EQUILIBRANT, 40ML | Gamarde  - Parapharmacie Boticinal"
powersante-gamarde-fluide_l_ger-g602n.png,"HYDRATATION ACTIVE - FLUIDE HYDRATANT LEGER, 40ML | Gamarde  - Parapharmacie Boticinal"
powersante-gamarde-gommage_douceur-g679n.png,"HYGIENE DOUCEUR - Gommage Douceur visage Bio - Peaux Délicates, 40ml | Gamarde  - Parapharmacie Boticinal"
g680-3760141876809-lait_nettoyant_douceur.png,"DEMAQUILLANT LAIT NETTOYANT DOUCEUR - Peaux Délicates, 200G | Gamarde  - Parapharmacie Boticinal"
powersante-gamarde-lotion_apaisante_douceur-g687n.png,"LOTION APAISANTE DOUCEUR - Peaux Délicates, 200ML | Gamarde  - Parapharmacie Boticinal"
powersante-gamarde-masque_clarifiant-g701n.png,"SEBO-CONTROL - MASQUE CLARIFIANT, 40ML | Gamarde  - Parapharmacie Boticinal"
g675-3760141876755-mains_et_pieds_secs.png,"NUTRITION INTENSE - Crème Mains et Pieds Bio - Peaux Sèches à Très Sèches, 100ml | Gamarde  - Parapharmacie Boticinal"
powersante-gamarde-nutrition-intense-serum-argan-30-ml.png,"NUTRITION INTENSE - Sérum Argan Réparateur Anti-Age Bio Peaux Sèches à très Sèches, 30ml  | Gamarde  - Parapharmacie Boticinal"
soin_visage-g673n.png,"NUTRITION INTENSE - Soin Visage Bio Nourrit Anti-Age Peaux Sèches à très Sèches, 40ML | Gamarde  - Parapharmacie Boticinal"
powersante-gamarde-fluide_contours-g689n.png,"PRES-AGE - FLUIDE CONTOURS, 20ML | Gamarde  - Parapharmacie Boticinal"
powersante-gamarde-pres-age-masque-reparateur-40-g.png,"PRES-AGE - Masque Réparateur Réducteur Rides, 40ml | Gamarde  - Parapharmacie Boticinal"
powersante-gamarde-serum_nuit-g691n.png,"PRES-AGE - SERUM NUIT REPARATEUR ANTI-RIDES, 30ml | Gamarde  - Parapharmacie Boticinal"
powersante-gamarde-soin_jour_et_nuit-g688n.png,"PRES-AGE - Soin Jour Et Nuit Anti-Age Réparateur - Visage - Tous Types de Peaux, 40ml | Gamarde  - Parapharmacie Boticinal"
powersante-gilbert-clinomyn-dentifrice-anti-taches-75-ml.png,"CLINOMYN -  Dentifrice Gel Eclat et Brillance Anti-Tâches Menthe Forte, 75ml | Gilbert  - Parapharmacie Boticinal"
gilbert_eau_oxyg_n_e_-_20_volumes_125ml.png,"Eau oxygénée - 20 volumes, 125ml | Gilbert  - Parapharmacie Boticinal"
eau_oxyg_n_e_-_20_volumes_250ml.png,"Eau oxygénée - 20 volumes, 250ml | Gilbert  - Parapharmacie Boticinal"
neutraderm-removebg-preview.png,"GEL DOUCHE - Surgras Dermo-Protecteur Visage et Coprs Peaux Sensibles Sèches, 1L | Neutraderm  - Parapharmacie Boticinal"
626663_3518646266638.png,"Sérum Physiologique Stérile, 40 unidoses de 5ml Gilbert | Physiodose  - Parapharmacie Boticinal"
physiologica_-_s_rum_physiologique_40_unidoses_5ml.jpg,"PHYSIOLOGICA - Sérum Physiologique, 40 unidoses 5ml | Gifrer  - Parapharmacie Boticinal"
huile_de_lin_bio_25cl_huiles_vitalite_lin_composees_huilerie_vigean_.png,Huile de beauté - Lin bio - 250ml | Vigean  - Parapharmacie Boticinal
powersante-herome-soin-blanchisseur-french-manicure-10-ml.png,"Soin Blanchisseur French Manucure, 10ml | Herôme  - Parapharmacie Boticinal"
powersante-herome-durcisseur-extra-fort-pour-ongles-10ml.png,"Durcisseur extra-fort pour ongles, 10ml | Herôme  - Parapharmacie Boticinal"
powersante-herome-durcisseur-fort-pour-ongles-10ml.jpg,Durcisseur fort pour ongles - 10ml | Herôme  - Parapharmacie Boticinal
la_roche_posay_anthelios_50_stick_9g.jpg,"ANTHELIOS XL - SPF50+ Stick Protection Solaire, Zones Sensibles, 9g | La Roche-Posay  - Parapharmacie Boticinal"
powersante-produit-lrp-kerium-ds-shampooing-anti-pelliculaire-intensif-125ml-01.png,"KERIUM DS -  Shampoing Anti-Pelliculaire Intensif, 125 ml | La Roche-Posay  - Parapharmacie Boticinal"
powersante-produit-lrp-kerium-shampooing-gel-pellicules-grasses-200ml-1_1.png,"KERIUM - Shampooing Gel pour Pellicules Grasses, 200ml | La Roche-Posay  - Parapharmacie Boticinal"
powersante-produit-lrp-kerium-shampooing-creme-pellicules-seches-200ml-1.png,"KERIUM -  Shampooing Crème pour Pellicules Sèches, 200ml | La Roche-Posay  - Parapharmacie Boticinal"
la_roche_posay-toleriane_vernis_silicium-0000030077256-productwithseal-1.png,"TOLERIANE - Vernis au Silicium 01 Mat, 6ml | La Roche-Posay  - Parapharmacie Boticinal"
la_roche_posay-toleriane_vernis_silicium-0000030079915-productwithseal-1.png,"TOLERIANE - Vernis au Silicium - Top Coat, 6ml | La Roche-Posay  - Parapharmacie Boticinal"
powersante-produit-lrp-eau-thermale-150ml-01.png,"EAU THERMALE Apaisante Anti-Irritations Peaux Sensibles, 150ml | La Roche-Posay  - Parapharmacie Boticinal"
eau-thermale-de-la-roche-posay-300ml-boticinal-powersant_.png,"EAU THERMALE - Apaisante Anti-Irritations Peaux Sensibles, 300ml | La Roche-Posay  - Parapharmacie Boticinal"
powersante-produit-lrp-effaclar-ai-correcteur-cible-eruptions-cutanees-15ml-1.png,"EFFACLAR  A.I. - Correcteur Ciblé des Imperfections Locales, 15ml | La Roche-Posay  - Parapharmacie Boticinal"
la-roche-posay--effaclar-gel-moussant-purifiant-200ml-000-3337872411083-front-min.png,"EFFACLAR - Gel Moussant Nettoyant Purifiant Visage, 200ml | La Roche-Posay  - Parapharmacie Boticinal"
la_roche_posay-lipikar-3337875552097-front-0.png,"LIPIKAR - Lait Relipidant Corps Anti-dessèchement 48H, 200ml | La Roche-Posay  - Parapharmacie Boticinal"
la-roche-posay-soin-corps-lipikar-lait-relipidant-corps-anti-dessechement-48h-002-3337875552127-front.png,"LIPIKAR - Lait Relipidant Corps Anti-Dessèchement, 400ml | La Roche-Posay  - Parapharmacie Boticinal"
powersante-la-roche-posay-lipikar-surgras-creme-lavante-anti-dessechement-400-ml.png,"LIPIKAR SURGRAS - Crème Lavante Anti-Dessèchement Peaux Sensibles Sèches, 400ml | La Roche-Posay  - Parapharmacie Boticinal"
la-roche-posay-soin-corps-lipikar-surgras-pain-dermatologique-anti-dessechement-000-3433422404533-front.png,"LIPIKAR SURGRAS - Pain Physiologique Anti-Dessèchement, 150g | La Roche-Posay  - Parapharmacie Boticinal"
la-roche-posay-lipikar-pain-surgras.jpg,"LIPIKAR SURGRAS - Pain Physiologique Anti-Dessèchement, 2x150g | La Roche-Posay  - Parapharmacie Boticinal"
powersante-produit-lrp-nutritic-soin-transformation-levres-dessechees-4_7ml.png,"NUTRITIC - Baume à Lèvres pour Lèvres Abimées, Gercées, Desséchées, 4,7ml | La Roche-Posay  - Parapharmacie Boticinal"
powersante-la-roche-posay-lait-demaquillant-peaux-sensibles-200ml.png,"LAIT DEMAQUILLANT -  Peaux Sensibles, 200ml | La Roche-Posay  - Parapharmacie Boticinal"
la_roche_posay-physiologique-3337872419799-front-0.png,EAU MICELLAIRE DEMAQUILLANTE ULTRA - Peaux Sensibles 2X400ml | La Roche-Posay  - Parapharmacie Boticinal
la-roche-posay-soin-serozinc-serozinc-solute-de-sulfate-de-zinc-150-ml-000-3433422406728-front.png,"SEROZINC - Solute de Sulfate de Zinc Assainissant, Apaisant, 150ml | La Roche-Posay  - Parapharmacie Boticinal"
powersante-produit-lrp-substiane_-soin-reconstituant-fondamental-anti-age-40ml-01.png,"SUBSTIANE - Soin Anti-âge Reconstituant Fondamental, 40ml | La Roche-Posay  - Parapharmacie Boticinal"
powersante-produit-lrp-substiane_-yeux-15ml_1.png,"SUBSTIANE - Soin Yeux Reconstituant Anti-Poches, 15ml | La Roche-Posay  - Parapharmacie Boticinal"
powersante-la-roche-posay-toleriane-demaquillant-yeux-30-doses-de-5-ml.png,TOLERIANE - Dosettes Démaquillantes yeux - 30 unidoses x5ml | La Roche-Posay  - Parapharmacie Boticinal
la-roche-posay-respectissime-demaquillant-waterproof-yeux-sensibles-000-3433422401907-front-min_1_.png,"RESPECTISSIME - Démaquillant Yeux Waterproof, 125ml | La Roche-Posay  - Parapharmacie Boticinal"
la-roche-posay-soin-visage-toleriane-fluide-nettoyant-et-demaquillant-peaux-sensibles-a-intolerantes-000-3433422406599-front.jpg,"TOLERIANE - Fluide Dermo Nettoyant Démaquillant Visage et Yeux, 200ml | La Roche-Posay  - Parapharmacie Boticinal"
la-roche-posay-toleriane-dermo-nettoyant-400ml-boticinal-powersant_.png,"TOLERIANE - Fluide Dermo-nettoyant Démaquillant Visage et Yeux, 400ml | La Roche-Posay  - Parapharmacie Boticinal"
powersante-la-roche-posay-effaclar-eau-micellaire-ultra-peaux-grasses-200-ml.png,"EFFACLAR -  Eau Micellaire Ultra Peaux Grasses, 200ml | La Roche-Posay  - Parapharmacie Boticinal"
powersante-la-roche-posay-effaclar-lotion-astrigente-micro-exfoliante-anti-points-noirs-200-ml.png,"EFFACLAR - Lotion Astringente Micro Exfoliante Anti-Points Noirs, 200ml | La Roche-Posay  - Parapharmacie Boticinal"
pate-argile-350g.jpg,"VISAGE - Pâte d’Argile Verte Prête à l’Emploi - Peaux Mixtes à Grasses, 350g | Laino  - Parapharmacie Boticinal"
savon-liquide-marseille-.jpg,"MAINS & CORPS - Savon Liquide de Marseille - Peaux Sensibles, 300ml | Laino  - Parapharmacie Boticinal"
savon-marseille-.jpg,"SAVON - L'Authentique Savon de Marseille - Tous Types de Peaux, 150g | Laino  - Parapharmacie Boticinal"
powersante-lero-r_duction-fatigue-3401570321446.jpg,"Base, 42 capsules | Léro  - Parapharmacie Boticinal"
lero-removebg-preview.png,"DNV, Stress et Sommeil, 30 capsules | Léro  - Parapharmacie Boticinal"
natalience-3d.png,"Natalience - Femme Enceinte & Allaitante, 3x30 capsules | Léro  - Parapharmacie Boticinal"
lero-phaneres-cheveux-p81718.jpg,"Phanères - Cheveux et Ongles, 90 capsules + 30 capsules offertes | Léro  - Parapharmacie Boticinal"
powersante-lero-premunil-3_401_577_318_241.jpg,"Prémunil, défenses immunitaires - 30 capsules | Léro  - Parapharmacie Boticinal"
solaire_trio_-_3_401_526_172_429.png,"SOLAIRE - Protection Cellulaire Anti-Oxydante, 3 boites de 30 capsules | Léro  - Parapharmacie Boticinal"
lero-solaire-30-capsules.jpg,"Solaire, 30 capsules | Léro  - Parapharmacie Boticinal"
luc_et_l_a_sucette_sym_trique_j_aime_ma_maman_-_6_mois_et_plus_1_unit_.png,"Sucette Symétrique J'aime Ma Maman - 6 mois et Plus, 1 Unité | Luc et Lea  - Parapharmacie Boticinal"
powersante-milical-barre-minceur-caramel-6-barres_1.png,"Barre minceur caramel, 6 barres | Milical  - Parapharmacie Boticinal"
powersante-milical-barre-minceur-chocolat-orange-6-barres.png,"Barre minceur chocolat orange , 6 barres | Milical  - Parapharmacie Boticinal"
powersante-milical-barre-minceur-chocolat-pistache-6-barres.png,"Barre minceur chocolat  pistache, 6 barres | Milical  - Parapharmacie Boticinal"
powersante-milical-barre-minceur-chocolat-6-barres.png,"Barre Minceur Chocolat, 6 barres | Milical  - Parapharmacie Boticinal"
powersante-milical-barre-minceur-chocolat-noix-de-coco-6-barres_1.png,"Barre Minceur Chocolat Noix de Coco, 6 barres | Milical  - Parapharmacie Boticinal"
powersante-milical-biscuits-vanille-12-biscuits.png,"Biscuits vanille, 12 biscuits | Milical  - Parapharmacie Boticinal"
powersante-milical-biscuits-cafe-12-biscuits.png,"Biscuits café, 12 biscuits | Milical  - Parapharmacie Boticinal"
powersante-milical-biscuits-chocolat-12-biscuits.png,"Biscuits chocolat, 12 biscuits | Milical  - Parapharmacie Boticinal"
powersante-milical-biscuits-citron-12-biscuits.png,"Biscuits citron, 12 biscuits | Milical  - Parapharmacie Boticinal"
powersante-milical-biscuits-noisette-12-biscuits.png,"Biscuits noisette, 12 biscuits | Milical  - Parapharmacie Boticinal"
powersante-milical-biscuits-noix-de-coco-12-biscuits.png,"Biscuits noix de coco, 12 biscuits | Milical  - Parapharmacie Boticinal"
powersante-milical-milk-shake-minceur-saveur-chocolat-540g.png,"Milk-Shake Minceur - Saveur Chocolat 18 rations, 540g | Milical  - Parapharmacie Boticinal"
huile-abricot-50ml-natessance-bticinal.png,"Huile d'Abricot - Visage et Corps - Tous Types de Cheveux, 50ml | Natessance  - Parapharmacie Boticinal"
powersante-natessance-bebe-huile-amande-douce-50ml_1.png,"Bébé - Huile d'amande douce, 100ml | Natessance  - Parapharmacie Boticinal"
natessance-huile-d_avocat-boticinal.png,"Huile d'Avocat - Visage et Corps - Peaux Sèches à Très Sèches, 50ml | Natessance  - Parapharmacie Boticinal"
huile-bourrache-bio-50ml-natessance-boticinal.png,"Huile de Bourrache Bio - Visage, Cou et Mains, 50ml | Natessance  - Parapharmacie Boticinal"
huile-carotte-50ml-natessance-boticinal1.png,"Huile de Carotte - Visage et Corps - Tous Types de Peaux, 50ml | Natessance  - Parapharmacie Boticinal"
natessance-huile-de-ricin-boticinal.jpg,"Huile de Ricin - Cheveux et Ongles - Tous Types de Cheveux, 50ml | Natessance  - Parapharmacie Boticinal"
huile-jojoba-50ml-natessance-boticinal.png,"Huile de Jojoba - Visage, Corps et Cheveux - Tous Types de Peaux et de Cheveux, 50ml | Natessance  - Parapharmacie Boticinal"
huile-onagre-bio-50ml-natessance-boticinal.png,"Huile d'Onagre Bio - Visage et Corps - Tous Types de Peaux, 50ml | Natessance  - Parapharmacie Boticinal"
3264680004063.jpg,"RÊVE DE MIEL - Gel Lavant Surgras - Visage et Corps - Peaux Sèches et Sensibles, 400ml | Nuxe  - Parapharmacie Boticinal"
3264680004070.jpg,"RÊVE DE MIEL - Gel Nettoyant et Démaquillant - Visage - Peaux Sèches et Sensibles, 200ml | Nuxe  - Parapharmacie Boticinal"
3264680009778.jpg,"HUILE PRODIGIEUSE OR - Huile Sèche Multi-Fonctions - Tous Types de Peaux, 100ml | Nuxe  - Parapharmacie Boticinal"
3264680009761.jpg,"HUILE PRODIGIEUSE - Huile Sèche Multi-Fonctions - Tous Types de Peaux, 50ml | Nuxe  - Parapharmacie Boticinal"
3264680009785.jpg,"HUILE PRODIGIEUSE OR - Huile Sèche Multi-Fonctions - Tous Types de Peaux, 50ml | Nuxe  - Parapharmacie Boticinal"
3264680001239_7836411_nuxe_soins_prodigieux_poudre_eclat_prodigieux_25gr.jpg,"PRODIGIEUX - Poudre Éclat Compacte Bronzante, 25g | Nuxe  - Parapharmacie Boticinal"
powersante-acm-acm-sport-acm-20-10-sachets_1.png,"ACM SPORT - ACM.20 Complément Alimentaire, 10 sachets | Acm  - Parapharmacie Boticinal"
powersante-dietaroma-phytaromasol-assainissant-aux-essences-de-plantes-bergamote-lemongrass-250ml.png,"Phytaromasol - Assainissant aux essences de plantes, bergamote lemongrass,  250ml | Dietaroma  - Parapharmacie Boticinal"
powersante-dietaroma-phytaromasol-assainissant-aux-essences-de-plantes-cannelle-menthe-250ml.png,"Phytaromasol - Assainissant aux essences de plantes, cannelle menthe,  250ml | Dietaroma  - Parapharmacie Boticinal"
powersante-dietaroma-phytaromasol-assainissant-aux-essences-de-plantes-lavande-romarin-250ml.png,"Phytaromasol - Assainissant aux essences de plantes, lavande romarin,  250ml | Dietaroma  - Parapharmacie Boticinal"
phytaromasol_pin_eucalyptus_250ml_3.jpg,"Phytaromasol, assainissant aux essences de plantes, pin eucalyptus,  250ml | Dietaroma  - Parapharmacie Boticinal"
powersante-dietaroma-phytaromasol-assainissant-aux-essences-de-plantes-verveine-bois-de-rose-250ml.png,"Phytaromasol - Assainissant aux essences de plantes, verveine bois de rose,  250ml | Dietaroma  - Parapharmacie Boticinal"
62036_akg_spiruline_150g-face_150_copie-3578835500592.png,"Arkogélules Spiruline Bio, 150 gélules | Arkopharma  - Parapharmacie Boticinal"
61794_akg_trefle_rouge_45-face-3401543539885.jpg,"Arkogélules - Trèfle rouge, 45 gélules | Arkopharma  - Parapharmacie Boticinal"
powersante-nutrisante-vitamines-c-ginseng-24-comprimes.png,"Vitamines C + Ginseng, 24 comprimés | Nutrisanté  - Parapharmacie Boticinal"
powersante-nutrisante-vitamine-c-guarana-24-comprimes-a-croquer.png,"Vitamines C + Guarana, 24 Comprimés à Croquer | Nutrisanté  - Parapharmacie Boticinal"
h_argan.png,"Huiles argan, huile végétale - bio, 50ml | Pranarom  - Parapharmacie Boticinal"
h_avocat.png,"Huile avocat, huile végétale - bio, 50ml | Pranarom  - Parapharmacie Boticinal"
h_bourrache.png,"Huiles bourrache, huile végétale vierge,50ml | Pranarom  - Parapharmacie Boticinal"
90529.jpg,"Huiles calendula, huile végétale - bio, 50ml | Pranarom  - Parapharmacie Boticinal"
h_calophylle.png,"Huile Végétale de Calophylle Bio, 50ml | Pranarom  - Parapharmacie Boticinal"
003-06-0007-removebg-preview.png,"Huiles germes de blé, huile végétale - bio, 50ml | Pranarom  - Parapharmacie Boticinal"
h_macadamia.png,"Huiles Végétale de Macadamia Bio, 50ml | Pranarom  - Parapharmacie Boticinal"
powersante-huiles_millepertuis_huile_de_mac_ration_-_bio_50ml-min.jpg,"Huiles millepertuis, huile de macération - bio, 50ml | Pranarom  - Parapharmacie Boticinal"
h_nigelle.png,"Huile Végétale de Nigelle Bio, 50ml | Pranarom  - Parapharmacie Boticinal"
003-06-0011-removebg-preview.png,"Huile vegetale - noisette bio, 50ml | Pranarom  - Parapharmacie Boticinal"
003-06-0012-removebg-preview.png,"Huiles noyau d'abricot, huile végétale vierge, 50ml | Pranarom  - Parapharmacie Boticinal"
h_onagre.png,"Huiles onagre, huile végétale - bio, 50ml | Pranarom  - Parapharmacie Boticinal"
powersante-pranarom-huile-vegetale-rose-musquee-bio-50ml-01.png,"Huile Végétale de Rose Musquée Bio, 50ml | Pranarom  - Parapharmacie Boticinal"
powersante-oleocaps_1_-_capsules_voies_respiratoires_30.jpg,"OLEOCAPS 1 - Capsules voies respiratoires, 30 | Pranarom  - Parapharmacie Boticinal"
powersante-oleocaps_2_-_capsules_sph_re_gastro-intestinale_et_voies_urinaires_30.jpg,"OLEOCAPS 2 - Capsules sphère gastro-intestinale et voies urinaires, 30 | Pranarom  - Parapharmacie Boticinal"
powersante-oleocaps_4_-_capsules_d_fenses_naturelles_30.jpg,"Oléocaps 4+ Système Immunitaire, 30 capsules | Pranarom  - Parapharmacie Boticinal"
powersante-oleocaps_7_-_capsules_sommeil_stress_passager_30.jpg,"Oléocaps 7 - Capsules Sommeil, Stress Passager, 30 Capsules | Pranarom  - Parapharmacie Boticinal"
botot-dentifrice-75ml_24062013150325_3.jpg,"Pâte Dentifrice aux Essences Naturelles, 75ml | Botot  - Parapharmacie Boticinal"
roge_cavailles_botot_eau_de_bouche_150ml_3.jpg,"Eau de Bouche Concentrée, 150ml | Botot  - Parapharmacie Boticinal"
cavailles-l_original-savon-extra-doux-boticinal.jpg,"SAVONS SOLIDES - Savon Extra-Doux l'Original Surgras Actif - Peaux Sensibles, 150g | Roge Cavailles  - Parapharmacie Boticinal"
3596490002473_savon-surgras-extra-doux-lot-de-3x250gr-1-gratuit-1000x1000.jpg,"SAVONS SOLIDES - Savon Extra-Doux l'Original Surgras Actif - Peaux Sensibles, 3x250g + 1 Gratuit | Roge Cavailles  - Parapharmacie Boticinal"
3596490002497_savon-surgras-extra-doux-amande-verte-lot-de-3x250gr-1-gratuit-1000x1000.jpg,"SAVONS SOLIDES - Savon Extra Doux Amande Verte Surgras Actif - Peaux Sensibles, 3x250g + 1 Gratuit | Roge Cavailles  - Parapharmacie Boticinal"
3596490002503_savon-surgras-extra-doux-fleur-de-coton-lot-de-3x250gr-1-gratuit-1000x1000.jpg,"SAVONS SOLIDES - Savon Extra-Doux Fleur de Coton Surgras Actif - Peaux Sensibles, 3x250g + 1 Gratuit | Roge Cavailles  - Parapharmacie Boticinal"
3596490002480_savon-surgras-extra-doux-lait-et-miel-lot-de-3x250gr-1-gratuit-1000x1000.jpg,"SAVONS SOLIDES - Savon Extra Doux Lait et Miel Surgras Actif - Peaux Sensibles, 3x250g + 1 Gratuit | Roge Cavailles  - Parapharmacie Boticinal"
3596490002077.jpg,Bi-protect soin complet dents et gencives duo -  2x75ml | Sanogyl  - Parapharmacie Boticinal
powersante-sanogyl-duo.png,Rose soin gencives sensibles duo -  2x75ml | Sanogyl  - Parapharmacie Boticinal
sanoflore-soin-visage-veritables_eaux_florales-eau-florale-de-bleuet-defatigante-bio-200ml-001-3337873401311-front.jpg,"VÉRITABLE EAU FLORALE - Bleuet Messicole Bio - Visage et Yeux - Tous Types de Peaux, 200ml | Sanoflore  - Parapharmacie Boticinal"
sanoflore-v_ritable_eau_florale_de_camomille_bio-3337873401328-front-0.jpg,"VÉRITABLE EAU FLORALE - Camomille Noble Bio - Peaux Sensibles, 200ml | Sanoflore  - Parapharmacie Boticinal"
sanoflore-soin-visage-veritables_eaux_florales-eau-florale-de-lavande-purifiante-bio-200ml-001-3337873401335-front.jpg,"VÉRITABLE EAU FLORALE - Lavande Fine Bio - Peaux Mixtes à Grasses, 200ml | Sanoflore  - Parapharmacie Boticinal"
sanoflore-soin-visage-veritables_eaux_florales-eau-florale-de-fleur-d-oranger-apaisante-bio-200ml-001-3337873401304-front.jpg,VÉRITABLE EAU FLORALE - Fleur d’Oranger Bigaradier Bio - Peaux Normales à Sèches 200ml | Sanoflore  - Parapharmacie Boticinal
sanoflore-soin-visage-veritables_eaux_florales-eau-florale-de-rose-eclat-bio-200ml-001-3337873401298-front.jpg,"VÉRITABLE EAU FLORALE - Rose Ancienne Bio - Tous Types de Peaux, 200ml | Sanoflore  - Parapharmacie Boticinal"
sanoflore-soin-visage-magnifica-gel-nettoyant-purifiant-bio-peaux-mixtes-_-grasses-tube-125ml-002-3337875597838-front.jpg,"MAGNIFICA – Gelée Nettoyante Purifiante Anti-Imperfections Bio - Peaux Mixtes à Grasses, 125ml | Sanoflore  - Parapharmacie Boticinal"
5038483494905_-_photo_principale.jpg,"EXPERTREATMENT - Pansements Coricides Traitement Cors, 8 Unités | Scholl  - Parapharmacie Boticinal"
5038483448687_-_photo_principale_1.jpg,"EXPERTTREATMENT - Pansements Coricides Traitement Durillons, 4 Unités | Scholl  - Parapharmacie Boticinal"
scholl_ampoules_5038483239643.jpg,"Pansements seconde peau ampoules aux talon, 5 pansements | Scholl  - Parapharmacie Boticinal"
3341170146004_capuchon_orteil.jpg,"Capuchon doigts / orteils gelactiv, 1 unité | Scholl  - Parapharmacie Boticinal"
scholl_cousin_plantaires_36-38_3.jpg,"Coussins plantaires taille 36/38, 1 paire | Scholl  - Parapharmacie Boticinal"
5052197005202_-_photo_principale.jpg,"Feutres Protecteurs Cors, 9 Unités | Scholl  - Parapharmacie Boticinal"
5038483497333_-_photo_principale.jpg,"Protecteur Hallux Valgus - Taille 36-38, 1 Unité | Scholl  - Parapharmacie Boticinal"
scholl-protecteur-hallux-p437.jpg,"Protecteur Hallux Valgus - Taille 39/42, 1 unité | Scholl  - Parapharmacie Boticinal"
scholl_s_parateur_pais_orteils.jpg,"Séparateur epais d'orteils gelactiv, 1 unité | Scholl  - Parapharmacie Boticinal"
3341170142006_-_photo_principale.jpg,"Séparateurs Fins d'Orteils, 3 Unités | Scholl  - Parapharmacie Boticinal"
3341170141009_-_photo_principale.jpg,"Tube Protecteur en Gel - Doigts et Orteils, 15cm | Scholl  - Parapharmacie Boticinal"
3059949931606_-_photo_principale.jpg,"EXPERTTREATMENT - Crème Anti-Crevasses K+ - Talons Fendillés, 120ml | Scholl  - Parapharmacie Boticinal"
3760099705053_lotion_tonique.png,"Lotion Tonique, 200ml | Bcombio  - Parapharmacie Boticinal"
powersant_-cr_me_corps_hydratante_et_raffermissante.jpg,Essentielle - crème hydratante et raffermissante corps - 200ml | Bcombio  - Parapharmacie Boticinal
powersante-creme-mains-bcombio.jpg,"Crème Mains bio Protectrice et Réparatrice, 50ml | Bcombio  - Parapharmacie Boticinal"
powersant_-tube_masque_hydratant_illuminateur.jpg,"Masque Hydratant Eclat, 50ml | Bcombio  - Parapharmacie Boticinal"
powersant_-exfoliant_doux.jpg,"Exfoliant Doux Visage, 75ml | Bcombio  - Parapharmacie Boticinal"
3760099705091_soin_intime_lavant_doux_200ml.png,Gel Hygiène Intime - 200ml | Bcombio  - Parapharmacie Boticinal
3760099705275_tube_contour_des_yeux-vdlb.png,"Contour des Yeux Bio, 20ml | Bcombio  - Parapharmacie Boticinal"
powersant_-tube_cr_me_anti_ride_nourrissante.jpg,"Crème Anti-Rides, Toutes Peaux - 50ml | Bcombio  - Parapharmacie Boticinal"
59453.jpg,"Lait Démaquillant Doux, 200ml | Bcombio  - Parapharmacie Boticinal"
powersant_-mousse_nettoyante_150ml.jpg,"Mousse Nettoyante, 150ml | Bcombio  - Parapharmacie Boticinal"
4609376-1-3760099705046-b-com-bio-eau-florale-nettoyante-demaquillante-400ml-boticinal.jpg,"Eau Nettoyante Démaquillante - Toutes peaux, 400ml | Bcombio  - Parapharmacie Boticinal"
powersante-shampoing-doux.jpg,"Shampooing Doux Végétal - Tous Types Cheveux, 200ml | Bcombio  - Parapharmacie Boticinal"
doucenuit-anti-ronflement-spray-nasal-_16062014114745_3.jpg,"Anti Ronflement Spray Nasal,10ml | Douce nuit  - Parapharmacie Boticinal"
doucenuit-anti-ronflement-languettes-14sachets_16062014114133_3.jpg,"Anti Ronflement Languettes, 14 unités | Douce nuit  - Parapharmacie Boticinal"
douce_nuit_spray_gorge_10ml_3.jpg,"Anti Ronflement Spray Gorge, 22ml | Douce nuit  - Parapharmacie Boticinal"
sicobel_immunage_30sachets_3.jpg,"Immun'âge, complément alimentaire à la papaye fermentée - 30 sachets | Immunage  - Parapharmacie Boticinal"
powersante-immunage-immunage-60-sachets-de-3-g.png,"Classic, 60 Sachets de 3 g | Immunage  - Parapharmacie Boticinal"
powersante-immunage-immunage-fort-60-sachets-de-4-5-g.png,"Immun'âge Fort, 60 sachets de 4,5g | Immunage  - Parapharmacie Boticinal"
3760099700171_sachet_pads_anti-cernes-anti_poches.png,"Pads Anti-Cernes et Anti-Poches, 6 Sachets de 2 Pads | Placentor vegetal  - Parapharmacie Boticinal"
gel_moussant_2_en_1.jpg,"Gel Moussant 2en1, 500ml | Bcombio  - Parapharmacie Boticinal"
physiogel-hypoallergenique-al-corps_21042011125729_3.jpg,Crème a.i. Corps hypoallergénique- 200ml | Physiogel  - Parapharmacie Boticinal
physiogel_nutri-hydratant_quotidien_base_lavante_hypoallerg_nique_250ml.jpg,"Nutri-Hydratant Quotidien Base Lavante Hypoallergénique, 250ml | Physiogel  - Parapharmacie Boticinal"
stiefel_physiogel_creme_150ml_3.jpg,"Crème Hydratante Visage et Corps, 150ml | Physiogel  - Parapharmacie Boticinal"
physiogel-creme-intensive-boticinal.jpg,"Nutri-hydratant Quotidien Crème Intensive, 100ml | Physiogel  - Parapharmacie Boticinal"
powersante-physiogel-lait-corporel-nutri-hydratant-200ml_18052015142316_3.jpg,"Lait Corporel Nutri-Hydratant Hypoallergénique, 200ml | Physiogel  - Parapharmacie Boticinal"
powersante-stiefel-stiproxal-shampooing-antipelliculaire-100-ml.png,"STIPROXAL - Shampoing Antipelliculaire, 100ml | Stiefel  - Parapharmacie Boticinal"
3401395566091_xerial_40_ongles_10ml.jpg,"XERIAL 40 - Gel Réparateur Ongles Abîmés, 10ml | SVR  - Parapharmacie Boticinal"
lipocils_expert_10_ml_produit.jpg,"LIPOCILS EXPERT - Gel pour la Pousse des Cils, 10ml | Talika  - Parapharmacie Boticinal"
lipocils_4.2ml_produit.jpg,"LIPOCILS - Gel aux Liposomes pour la Pousse des Cils, 4,2ml | Talika  - Parapharmacie Boticinal"
ortis-benetransit-54-comprimes_08012015164833_3.jpg,"Benetransit, 54 comprimés | Ortis  - Parapharmacie Boticinal"
